"","NearestGene_mgi_symbol","feature","Chr","Start","End","width","strand","peak","start_position","end_position","feature_strand","insideFeature","distancetoFeature","shortestDistance","fromOverlappingOrNearest","peakNames"
"1","Tab2","ENSMUSG00000015755","chr10",7947079,7947268,190,"*","001",7905654,7956230,"-","inside",9151,8962,"NearestLocation","c(""SodiumButyratePos_unqPks__SodiumButyratePos__X004802""; ""CD3CD28Pos_unqPks__CD3CD28Pos__X004521""; ""SolublePos_unqPks__SolublePos__X004235"")"
"2","Ifngr1","ENSMUSG00000020009","chr10",19512746,19512910,165,"*","002",19591950,19610229,"+","upstream",-79204,79040,"NearestLocation","c(""CD3CD28Pos_unqPks__CD3CD28Pos__X001612""; ""SolublePos_unqPks__SolublePos__X001536""; ""SodiumButyratePos_unqPks__SodiumButyratePos__X001738"")"
"3","Trappc10","ENSMUSG00000000374","chr10",78267018,78267218,201,"*","004",78186726,78244642,"-","upstream",-22376,22376,"NearestLocation","c(""SodiumButyratePos_unqPks__SodiumButyratePos__X004699""; ""CD3CD28Pos_unqPks__CD3CD28Pos__X004427""; ""SolublePos_unqPks__SolublePos__X004141"")"
"4","Rrp1","ENSMUSG00000061032","chr10",78406632,78407114,483,"*","005",78400363,78413043,"-","inside",6411,5929,"NearestLocation","c(""SodiumButyratePos_unqPks__SodiumButyratePos__X004741""; ""CD3CD28Pos_unqPks__CD3CD28Pos__X004461""; ""SodiumButyratePos_unqPks__SodiumButyratePos__X004742""; ""SolublePos_unqPks__SolublePos__X004174"")"
"5","Lrrc10","ENSMUSG00000060187","chr10",117018440,117018688,249,"*","006",117045342,117046768,"+","upstream",-26902,26654,"NearestLocation","c(""SolublePos_unqPks__SolublePos__X000305""; ""CD3CD28Pos_unqPks__CD3CD28Pos__X000319""; ""SodiumButyratePos_unqPks__SodiumButyratePos__X000331"")"
"6","Prdm14","ENSMUSG00000042414","chr1",13125189,13126607,1419,"*","007",13113458,13127163,"-","inside",1974,556,"NearestLocation","c(""SolublePos_unqPks__SolublePos__X009326""; ""SolublePos_unqPks__SolublePos__X009329""; ""CD3CD28Pos_unqPks__CD3CD28Pos__X009851""; ""SolublePos_unqPks__SolublePos__X009331""; ""SodiumButyratePos_unqPks__SodiumButyratePos__X010411"")"
"7","Eya1","ENSMUSG00000025932","chr1",14304628,14304775,148,"*","008",14168955,14310200,"-","inside",5572,5425,"NearestLocation","c(""CD3CD28Pos_unqPks__CD3CD28Pos__X011239""; ""SodiumButyratePos_unqPks__SodiumButyratePos__X011883""; ""SolublePos_unqPks__SolublePos__X010637"")"
"8","Il1rl2","ENSMUSG00000070942","chr1",40370497,40370710,214,"*","009",40324628,40365471,"+","downstream",45869,5026,"NearestLocation","c(""SodiumButyratePos_unqPks__SodiumButyratePos__X032494""; ""CD3CD28Pos_unqPks__CD3CD28Pos__X030745""; ""SolublePos_unqPks__SolublePos__X028829"")"
"9","Gm6822","ENSMUSG00000061863","chr1",55161930,55162197,268,"*","010",55160741,55161053,"-","upstream",-877,877,"NearestLocation","c(""SodiumButyratePos_unqPks__SodiumButyratePos__X039558""; ""CD3CD28Pos_unqPks__CD3CD28Pos__X037383""; ""SolublePos_unqPks__SolublePos__X035144"")"
"10","Klf7","ENSMUSG00000025959","chr1",64111084,64111268,185,"*","011",64029448,64122282,"-","inside",11198,11014,"NearestLocation","c(""CD3CD28Pos_unqPks__CD3CD28Pos__X043587""; ""SolublePos_unqPks__SolublePos__X041054""; ""SodiumButyratePos_unqPks__SodiumButyratePos__X046213"")"
"11","Dock10","ENSMUSG00000038608","chr1",80848532,80849221,690,"*","012",80501074,80758553,"-","upstream",-89979,89979,"NearestLocation","c(""SolublePos_unqPks__SolublePos__X048582""; ""SodiumButyratePos_unqPks__SodiumButyratePos__X054613""; ""CD3CD28Pos_unqPks__CD3CD28Pos__X051439""; ""CD3CD28Pos_unqPks__CD3CD28Pos__X051440"")"
"12","Snorc","ENSMUSG00000026258","chr1",87457564,87457731,168,"*","013",87470265,87475459,"+","upstream",-12701,12534,"NearestLocation","c(""SolublePos_unqPks__SolublePos__X051405""; ""CD3CD28Pos_unqPks__CD3CD28Pos__X054454""; ""SodiumButyratePos_unqPks__SodiumButyratePos__X057806"")"
"13","Hdac4","ENSMUSG00000026313","chr1",92148473,92148816,344,"*","014",91932758,92148393,"-","upstream",-80,80,"NearestLocation","c(""SolublePos_unqPks__SolublePos__X052941""; ""CD3CD28Pos_unqPks__CD3CD28Pos__X056098""; ""SodiumButyratePos_unqPks__SodiumButyratePos__X059549"")"
"14","Ano7","ENSMUSG00000034107","chr1",93385192,93385367,176,"*","015",93373897,93403502,"+","inside",11295,11295,"NearestLocation","c(""CD3CD28Pos_unqPks__CD3CD28Pos__X056768""; ""SolublePos_unqPks__SolublePos__X053549""; ""SodiumButyratePos_unqPks__SodiumButyratePos__X060256"")"
"15","Gm15423","ENSMUSG00000087082","chr1",176995726,176996961,1236,"*","017",176928000,176932711,"-","upstream",-63015,63015,"NearestLocation","c(""SodiumButyratePos_unqPks__SodiumButyratePos__X017212""; ""CD3CD28Pos_unqPks__CD3CD28Pos__X016240""; ""SolublePos_unqPks__SolublePos__X015397"")"
"16","Ccdc121","ENSMUSG00000050625","chr1",181617463,181617616,154,"*","018",181509634,181511451,"-","upstream",-106012,106012,"NearestLocation","c(""SolublePos_unqPks__SolublePos__X016235""; ""SodiumButyratePos_unqPks__SodiumButyratePos__X018144""; ""CD3CD28Pos_unqPks__CD3CD28Pos__X017139"")"
"17","Mir29b-2","ENSMUSG00000065412","chr1",195035760,195036804,1045,"*","019",195037041,195037120,"+","upstream",-1281,237,"NearestLocation","c(""SodiumButyratePos_unqPks__SodiumButyratePos__X019860""; ""CD3CD28Pos_unqPks__CD3CD28Pos__X018719""; ""SolublePos_unqPks__SolublePos__X017739"")"
"18","Cabp7","ENSMUSG00000009075","chr11",4746513,4747197,685,"*","020",4736893,4746778,"-","overlapStart",265,265,"NearestLocation","c(""CD3CD28Pos_unqPks__CD3CD28Pos__X011756""; ""SolublePos_unqPks__SolublePos__X011093""; ""SodiumButyratePos_unqPks__SodiumButyratePos__X012423"")"
"19","Gm12050","ENSMUSG00000085856","chr11",22437610,22438728,1119,"*","021",22438822,22439775,"-","downstream",2165,94,"NearestLocation","c(""SodiumButyratePos_unqPks__SodiumButyratePos__X009767""; ""SolublePos_unqPks__SolublePos__X008760""; ""CD3CD28Pos_unqPks__CD3CD28Pos__X009246"")"
"20","D630024D03Rik","ENSMUSG00000085772","chr11",31822890,31823094,205,"*","022",31790114,31824524,"-","inside",1634,1430,"NearestLocation","c(""CD3CD28Pos_unqPks__CD3CD28Pos__X009986""; ""SolublePos_unqPks__SolublePos__X009467""; ""SodiumButyratePos_unqPks__SodiumButyratePos__X010556"")"
"21","Gm22022","ENSMUSG00000077543","chr11",34839570,34839816,247,"*","023",34842229,34842354,"-","downstream",2784,2413,"NearestLocation","c(""CD3CD28Pos_unqPks__CD3CD28Pos__X010637""; ""SodiumButyratePos_unqPks__SodiumButyratePos__X011266""; ""SolublePos_unqPks__SolublePos__X010081"")"
"22","Phykpl","ENSMUSG00000020359","chr11",51592470,51592733,264,"*","024",51584758,51604489,"+","inside",7712,7712,"NearestLocation","c(""SodiumButyratePos_unqPks__SodiumButyratePos__X012875""; ""CD3CD28Pos_unqPks__CD3CD28Pos__X012171""; ""SolublePos_unqPks__SolublePos__X011489"")"
"23","Grap","ENSMUSG00000004837","chr11",61664534,61664757,224,"*","025",61653266,61672784,"+","inside",11268,8027,"NearestLocation","c(""SodiumButyratePos_unqPks__SodiumButyratePos__X014821""; ""SolublePos_unqPks__SolublePos__X013242""; ""CD3CD28Pos_unqPks__CD3CD28Pos__X014006"")"
"24","Gm11190","ENSMUSG00000055045","chr11",77927869,77928165,297,"*","026",77912128,77929288,"-","inside",1419,1123,"NearestLocation","c(""SolublePos_unqPks__SolublePos__X015545""; ""SodiumButyratePos_unqPks__SodiumButyratePos__X017391""; ""CD3CD28Pos_unqPks__CD3CD28Pos__X016409"")"
"25","Nlk","ENSMUSG00000017376","chr11",78687650,78687839,190,"*","027",78567169,78697373,"-","inside",9723,9534,"NearestLocation","c(""SodiumButyratePos_unqPks__SodiumButyratePos__X017563""; ""CD3CD28Pos_unqPks__CD3CD28Pos__X016580""; ""SolublePos_unqPks__SolublePos__X015699"")"
"26","Mdk-ps1","ENSMUSG00000081677","chr11",102535644,102536457,814,"*","028",102545703,102546022,"+","upstream",-10059,9246,"NearestLocation","c(""CD3CD28Pos_unqPks__CD3CD28Pos__X006792""; ""SodiumButyratePos_unqPks__SodiumButyratePos__X007182""; ""SolublePos_unqPks__SolublePos__X006407""; ""SodiumButyratePos_unqPks__SodiumButyratePos__X007183"")"
"27","Arhgap27os3","ENSMUSG00000085887","chr11",103334054,103334222,169,"*","029",103344754,103350124,"+","upstream",-10700,10532,"NearestLocation","c(""CD3CD28Pos_unqPks__CD3CD28Pos__X006895""; ""SolublePos_unqPks__SolublePos__X006513""; ""SodiumButyratePos_unqPks__SodiumButyratePos__X007291"")"
"28","Gm16045","ENSMUSG00000086050","chr11",117235572,117235700,129,"*","031",117257650,117263437,"-","downstream",27865,21950,"NearestLocation","c(""SolublePos_unqPks__SolublePos__X007610""; ""SodiumButyratePos_unqPks__SodiumButyratePos__X008476""; ""CD3CD28Pos_unqPks__CD3CD28Pos__X008043"")"
"29","Gdf7","ENSMUSG00000037660","chr12",8301853,8301991,139,"*","032",8297935,8301954,"-","overlapStart",101,37,"NearestLocation","c(""SolublePos_unqPks__SolublePos__X022378""; ""SodiumButyratePos_unqPks__SodiumButyratePos__X025135""; ""CD3CD28Pos_unqPks__CD3CD28Pos__X023808"")"
"30","Id2","ENSMUSG00000020644","chr12",25141362,25141995,634,"*","033",25093802,25096092,"-","upstream",-45270,45270,"NearestLocation","c(""CD3CD28Pos_unqPks__CD3CD28Pos__X021434""; ""SolublePos_unqPks__SolublePos__X020244""; ""CD3CD28Pos_unqPks__CD3CD28Pos__X021435""; ""SodiumButyratePos_unqPks__SodiumButyratePos__X022660"")"
"31","Gm15571","ENSMUSG00000083191","chr12",69102098,69102276,179,"*","034",69141431,69142066,"-","downstream",39968,39155,"NearestLocation","c(""CD3CD28Pos_unqPks__CD3CD28Pos__X022752""; ""SodiumButyratePos_unqPks__SodiumButyratePos__X023997""; ""SolublePos_unqPks__SolublePos__X021412"")"
"32","Esr2","ENSMUSG00000021055","chr12",76187956,76188114,159,"*","035",76120420,76177259,"-","upstream",-10697,10697,"NearestLocation","c(""CD3CD28Pos_unqPks__CD3CD28Pos__X023342""; ""SodiumButyratePos_unqPks__SodiumButyratePos__X024642""; ""SolublePos_unqPks__SolublePos__X021956"")"
"33","Sipa1l1","ENSMUSG00000042700","chr12",82303143,82303372,230,"*","036",82170017,82451782,"+","inside",133126,133126,"NearestLocation","c(""SodiumButyratePos_unqPks__SodiumButyratePos__X025112""; ""SolublePos_unqPks__SolublePos__X022356""; ""CD3CD28Pos_unqPks__CD3CD28Pos__X023787"")"
"34","Ttc7b","ENSMUSG00000033530","chr12",100510062,100510263,202,"*","037",100300772,100520822,"-","inside",10760,10559,"NearestLocation","c(""CD3CD28Pos_unqPks__CD3CD28Pos__X019561""; ""SodiumButyratePos_unqPks__SodiumButyratePos__X020735""; ""SolublePos_unqPks__SolublePos__X018531"")"
"35","Gm25801","ENSMUSG00000064572","chr12",100749243,100749396,154,"*","038",100769024,100769128,"-","downstream",19885,19628,"NearestLocation","c(""SolublePos_unqPks__SolublePos__X018555""; ""SodiumButyratePos_unqPks__SodiumButyratePos__X020769""; ""CD3CD28Pos_unqPks__CD3CD28Pos__X019592"")"
"36","Bdkrb1","ENSMUSG00000041347","chr12",105584967,105585165,199,"*","039",105604092,105605428,"+","upstream",-19125,18927,"NearestLocation","c(""SodiumButyratePos_unqPks__SodiumButyratePos__X021123""; ""CD3CD28Pos_unqPks__CD3CD28Pos__X019927""; ""SolublePos_unqPks__SolublePos__X018866"")"
"37","Cdca7l","ENSMUSG00000021175","chr12",117772713,117772932,220,"*","040",117804290,117878706,"+","upstream",-31577,31358,"NearestLocation","c(""SodiumButyratePos_unqPks__SodiumButyratePos__X022126""; ""SolublePos_unqPks__SolublePos__X019746""; ""CD3CD28Pos_unqPks__CD3CD28Pos__X020898"")"
"38","Net1","ENSMUSG00000021215","chr13",3897043,3897200,158,"*","041",3882566,3918220,"-","inside",21177,14477,"NearestLocation","c(""SodiumButyratePos_unqPks__SodiumButyratePos__X028703""; ""SolublePos_unqPks__SolublePos__X025552""; ""CD3CD28Pos_unqPks__CD3CD28Pos__X027193"")"
"39","Pfkp","ENSMUSG00000021196","chr13",6614117,6614391,275,"*","042",6579769,6648777,"-","inside",34660,34348,"NearestLocation","c(""CD3CD28Pos_unqPks__CD3CD28Pos__X029109""; ""SodiumButyratePos_unqPks__SodiumButyratePos__X030785""; ""SolublePos_unqPks__SolublePos__X027318"")"
"40","Elmo1","ENSMUSG00000041112","chr13",20351779,20352604,826,"*","043",20090508,20608353,"+","inside",261271,255749,"NearestLocation","c(""CD3CD28Pos_unqPks__CD3CD28Pos__X025949""; ""SodiumButyratePos_unqPks__SodiumButyratePos__X027387""; ""SolublePos_unqPks__SolublePos__X024366""; ""CD3CD28Pos_unqPks__CD3CD28Pos__X025950"")"
"41","Atxn1","ENSMUSG00000046876","chr13",45892537,45892698,162,"*","044",45549759,45964991,"-","inside",72454,72293,"NearestLocation","c(""SodiumButyratePos_unqPks__SodiumButyratePos__X029267""; ""SolublePos_unqPks__SolublePos__X026005""; ""CD3CD28Pos_unqPks__CD3CD28Pos__X027696"")"
"42","Fbp1","ENSMUSG00000069805","chr13",62919735,62919906,172,"*","045",62864754,62888282,"-","upstream",-31453,31453,"NearestLocation","c(""SodiumButyratePos_unqPks__SodiumButyratePos__X030538""; ""SolublePos_unqPks__SolublePos__X027080""; ""CD3CD28Pos_unqPks__CD3CD28Pos__X028877"")"
"43","Ckmt2","ENSMUSG00000021622","chr13",91929120,91929299,180,"*","046",91853388,91876885,"-","upstream",-52235,52235,"NearestLocation","c(""SodiumButyratePos_unqPks__SodiumButyratePos__X031731""; ""CD3CD28Pos_unqPks__CD3CD28Pos__X030006""; ""SolublePos_unqPks__SolublePos__X028180"")"
"44","Adk","ENSMUSG00000039197","chr14",21116080,21116241,162,"*","047",21052575,21448568,"+","inside",63505,63505,"NearestLocation","c(""SodiumButyratePos_unqPks__SodiumButyratePos__X033660""; ""SolublePos_unqPks__SolublePos__X029877""; ""CD3CD28Pos_unqPks__CD3CD28Pos__X031861"")"
"45","Ptger2","ENSMUSG00000037759","chr14",44979866,44980155,290,"*","048",44988196,45003820,"+","upstream",-8330,8041,"NearestLocation","c(""SodiumButyratePos_unqPks__SodiumButyratePos__X034666""; ""CD3CD28Pos_unqPks__CD3CD28Pos__X032782""; ""SolublePos_unqPks__SolublePos__X030774"")"
"46","Ang","ENSMUSG00000072115","chr14",51094761,51094911,151,"*","049",51091078,51102007,"+","inside",3683,3683,"NearestLocation","c(""SodiumButyratePos_unqPks__SodiumButyratePos__X034934""; ""CD3CD28Pos_unqPks__CD3CD28Pos__X033046""; ""SolublePos_unqPks__SolublePos__X031026"")"
"47","1700123O20Rik","ENSMUSG00000040822","chr14",54678744,54679188,445,"*","050",54686172,54690742,"+","upstream",-7428,6984,"NearestLocation","c(""SodiumButyratePos_unqPks__SodiumButyratePos__X035327""; ""CD3CD28Pos_unqPks__CD3CD28Pos__X033399""; ""SolublePos_unqPks__SolublePos__X031355"")"
"48","Gm16549","ENSMUSG00000090216","chr14",72555439,72556108,670,"*","051",72589753,72603367,"+","upstream",-34314,33645,"NearestLocation","c(""SolublePos_unqPks__SolublePos__X032582""; ""SodiumButyratePos_unqPks__SodiumButyratePos__X036653""; ""CD3CD28Pos_unqPks__CD3CD28Pos__X034660""; ""SolublePos_unqPks__SolublePos__X032583"")"
"49","Serp2","ENSMUSG00000052584","chr14",76761769,76762012,244,"*","052",76532815,76556687,"-","upstream",-205082,205082,"NearestLocation","c(""CD3CD28Pos_unqPks__CD3CD28Pos__X035085""; ""SodiumButyratePos_unqPks__SodiumButyratePos__X037110""; ""SolublePos_unqPks__SolublePos__X032972"")"
"50","Ankrd33b","ENSMUSG00000022237","chr15",31325818,31326244,427,"*","054",31291480,31367759,"-","inside",41941,34338,"NearestLocation","c(""CD3CD28Pos_unqPks__CD3CD28Pos__X036559""; ""SolublePos_unqPks__SolublePos__X034347""; ""SodiumButyratePos_unqPks__SodiumButyratePos__X038656""; ""CD3CD28Pos_unqPks__CD3CD28Pos__X036560"")"
"51","Ywhaz","ENSMUSG00000022285","chr15",36767289,36767549,261,"*","055",36770771,36794547,"-","downstream",27258,3222,"NearestLocation","c(""SodiumButyratePos_unqPks__SodiumButyratePos__X038949""; ""CD3CD28Pos_unqPks__CD3CD28Pos__X036820""; ""SolublePos_unqPks__SolublePos__X034613"")"
"52","Gm16138","ENSMUSG00000089811","chr15",37336523,37336670,148,"*","056",37331990,37332666,"-","upstream",-3857,3857,"NearestLocation","c(""SodiumButyratePos_unqPks__SodiumButyratePos__X039020""; ""SolublePos_unqPks__SolublePos__X034669""; ""CD3CD28Pos_unqPks__CD3CD28Pos__X036889"")"
"53","Aard","ENSMUSG00000068522","chr15",52158880,52159186,307,"*","057",52040108,52045720,"+","downstream",118772,113160,"NearestLocation","c(""CD3CD28Pos_unqPks__CD3CD28Pos__X037459""; ""SolublePos_unqPks__SolublePos__X035213""; ""SodiumButyratePos_unqPks__SodiumButyratePos__X039637"")"
"54","Gm22488","ENSMUSG00000080461","chr15",58177816,58178547,732,"*","058",58146617,58146742,"+","downstream",31199,31074,"NearestLocation","c(""SolublePos_unqPks__SolublePos__X035513""; ""SodiumButyratePos_unqPks__SodiumButyratePos__X039987""; ""CD3CD28Pos_unqPks__CD3CD28Pos__X037777""; ""CD3CD28Pos_unqPks__CD3CD28Pos__X037778"")"
"55","Slc45a4","ENSMUSG00000079020","chr15",73642558,73642708,151,"*","059",73577425,73645762,"-","inside",3204,3054,"NearestLocation","c(""SolublePos_unqPks__SolublePos__X036444""; ""CD3CD28Pos_unqPks__CD3CD28Pos__X038792""; ""SodiumButyratePos_unqPks__SodiumButyratePos__X041093"")"
"56","H1f0","ENSMUSG00000096210","chr15",78994185,78995978,1794,"*","060",79028213,79030498,"+","upstream",-34028,32235,"NearestLocation","c(""SolublePos_unqPks__SolublePos__X037085""; ""CD3CD28Pos_unqPks__CD3CD28Pos__X039426""; ""SodiumButyratePos_unqPks__SodiumButyratePos__X041789""; ""SolublePos_unqPks__SolublePos__X037086""; ""SolublePos_unqPks__SolublePos__X037087"")"
"57","Cpne8","ENSMUSG00000052560","chr15",90680063,90680239,177,"*","061",90487483,90679432,"-","upstream",-631,631,"NearestLocation","c(""SodiumButyratePos_unqPks__SodiumButyratePos__X043044""; ""CD3CD28Pos_unqPks__CD3CD28Pos__X040627""; ""SolublePos_unqPks__SolublePos__X038241"")"
"58","Gm8973","ENSMUSG00000064081","chr15",99017335,99017507,173,"*","062",99006057,99006370,"+","downstream",11278,10965,"NearestLocation","c(""CD3CD28Pos_unqPks__CD3CD28Pos__X041227""; ""SolublePos_unqPks__SolublePos__X038809""; ""SodiumButyratePos_unqPks__SodiumButyratePos__X043716"")"
"59","Abcc1","ENSMUSG00000023088","chr16",14371246,14372695,1450,"*","063",14361559,14475737,"+","inside",9687,9687,"NearestLocation","c(""SolublePos_unqPks__SolublePos__X039359""; ""CD3CD28Pos_unqPks__CD3CD28Pos__X041820""; ""SodiumButyratePos_unqPks__SodiumButyratePos__X044360"")"
"60","Bcl6","ENSMUSG00000022508","chr16",24163053,24163739,687,"*","065",23965053,23988852,"-","upstream",-174201,174201,"NearestLocation","c(""SolublePos_unqPks__SolublePos__X040058""; ""SodiumButyratePos_unqPks__SodiumButyratePos__X045101""; ""CD3CD28Pos_unqPks__CD3CD28Pos__X042532""; ""SolublePos_unqPks__SolublePos__X040059"")"
"61","Cd86","ENSMUSG00000022901","chr16",36622436,36622586,151,"*","066",36603870,36666081,"-","inside",43645,18566,"NearestLocation","c(""CD3CD28Pos_unqPks__CD3CD28Pos__X043359""; ""SolublePos_unqPks__SolublePos__X040824""; ""SodiumButyratePos_unqPks__SodiumButyratePos__X045963"")"
"62","Itsn1","ENSMUSG00000022957","chr16",91793456,91793629,174,"*","068",91729282,91920597,"+","inside",64174,64174,"NearestLocation","c(""SodiumButyratePos_unqPks__SodiumButyratePos__X048032""; ""CD3CD28Pos_unqPks__CD3CD28Pos__X045267""; ""SolublePos_unqPks__SolublePos__X042629"")"
"63","Lnpep","ENSMUSG00000023845","chr17",17567185,17567361,177,"*","069",17527724,17624489,"-","inside",57304,39461,"NearestLocation","c(""SodiumButyratePos_unqPks__SodiumButyratePos__X048929""; ""SolublePos_unqPks__SolublePos__X043405""; ""CD3CD28Pos_unqPks__CD3CD28Pos__X046142"")"
"64","Fkbp5","ENSMUSG00000024222","chr17",28506050,28506309,260,"*","070",28399096,28517524,"-","inside",11474,11215,"NearestLocation","c(""CD3CD28Pos_unqPks__CD3CD28Pos__X047047""; ""SolublePos_unqPks__SolublePos__X044324""; ""SodiumButyratePos_unqPks__SodiumButyratePos__X049885"")"
"65","Pnpla1os","ENSMUSG00000087615","chr17",28879897,28880095,199,"*","071",28855137,28859503,"-","upstream",-20394,20394,"NearestLocation","c(""CD3CD28Pos_unqPks__CD3CD28Pos__X047108""; ""SodiumButyratePos_unqPks__SodiumButyratePos__X049947""; ""SolublePos_unqPks__SolublePos__X044392"")"
"66","Tff3","ENSMUSG00000024029","chr17",31122038,31122207,170,"*","072",31125307,31129646,"-","downstream",7608,3100,"NearestLocation","c(""SodiumButyratePos_unqPks__SodiumButyratePos__X050229""; ""SolublePos_unqPks__SolublePos__X044650""; ""CD3CD28Pos_unqPks__CD3CD28Pos__X047379"")"
"67","Adgrf1","ENSMUSG00000041293","chr17",43229984,43231029,1046,"*","073",43270330,43324737,"+","upstream",-40346,39301,"NearestLocation","c(""CD3CD28Pos_unqPks__CD3CD28Pos__X048422""; ""SolublePos_unqPks__SolublePos__X045670""; ""SodiumButyratePos_unqPks__SodiumButyratePos__X051370"")"
"68","Rsph9","ENSMUSG00000023966","chr17",46132133,46132368,236,"*","074",46122036,46144216,"-","inside",12083,10097,"NearestLocation","c(""CD3CD28Pos_unqPks__CD3CD28Pos__X048673""; ""SodiumButyratePos_unqPks__SodiumButyratePos__X051632""; ""SolublePos_unqPks__SolublePos__X045906"")"
"69","Gm6919","ENSMUSG00000096517","chr17",53594702,53594973,272,"*","075",53598182,53598663,"-","downstream",3961,3209,"NearestLocation","c(""SolublePos_unqPks__SolublePos__X046595""; ""SodiumButyratePos_unqPks__SodiumButyratePos__X052434""; ""CD3CD28Pos_unqPks__CD3CD28Pos__X049412"")"
"70","Cables1","ENSMUSG00000040957","chr18",11836961,11837138,178,"*","077",11839221,11945627,"+","upstream",-2260,2083,"NearestLocation","c(""SodiumButyratePos_unqPks__SodiumButyratePos__X054677""; ""CD3CD28Pos_unqPks__CD3CD28Pos__X051515""; ""SolublePos_unqPks__SolublePos__X048648"")"
"71","B930094E09Rik","ENSMUSG00000092124","chr18",31579017,31579242,226,"*","078",31609513,31610751,"+","upstream",-30496,30271,"NearestLocation","c(""CD3CD28Pos_unqPks__CD3CD28Pos__X051956""; ""SodiumButyratePos_unqPks__SodiumButyratePos__X055170""; ""SolublePos_unqPks__SolublePos__X049073"")"
"72","Egr1","ENSMUSG00000038418","chr18",34880125,34880352,228,"*","079",34859824,34864984,"+","downstream",20301,15141,"NearestLocation","c(""SodiumButyratePos_unqPks__SodiumButyratePos__X055487""; ""SolublePos_unqPks__SolublePos__X049361""; ""CD3CD28Pos_unqPks__CD3CD28Pos__X052245"")"
"73","Prrc1","ENSMUSG00000024594","chr18",57266464,57266688,225,"*","080",57354734,57392719,"+","upstream",-88270,88046,"NearestLocation","c(""CD3CD28Pos_unqPks__CD3CD28Pos__X053308""; ""SolublePos_unqPks__SolublePos__X050344""; ""SodiumButyratePos_unqPks__SodiumButyratePos__X056605"")"
"74","Psmg2","ENSMUSG00000024537","chr18",67678459,67678624,166,"*","081",67641600,67654162,"+","downstream",36859,24297,"NearestLocation","c(""CD3CD28Pos_unqPks__CD3CD28Pos__X054123""; ""SodiumButyratePos_unqPks__SodiumButyratePos__X057469""; ""SolublePos_unqPks__SolublePos__X051105"")"
"75","Myo5b","ENSMUSG00000025885","chr18",74402493,74402691,199,"*","082",74440937,74771493,"+","upstream",-38444,38246,"NearestLocation","c(""SodiumButyratePos_unqPks__SodiumButyratePos__X057797""; ""CD3CD28Pos_unqPks__CD3CD28Pos__X054442""; ""SolublePos_unqPks__SolublePos__X051396"")"
"76","Cndp2","ENSMUSG00000024644","chr18",84673266,84673515,250,"*","083",84667471,84685633,"-","inside",12367,5795,"NearestLocation","c(""SodiumButyratePos_unqPks__SodiumButyratePos__X058581""; ""CD3CD28Pos_unqPks__CD3CD28Pos__X055179""; ""SolublePos_unqPks__SolublePos__X052096"")"
"77","Ms4a6b","ENSMUSG00000024677","chr19",11522632,11522795,164,"*","085",11516513,11531256,"+","inside",6119,6119,"NearestLocation","c(""SodiumButyratePos_unqPks__SodiumButyratePos__X059102""; ""SolublePos_unqPks__SolublePos__X052544""; ""CD3CD28Pos_unqPks__CD3CD28Pos__X055672"")"
"78","Ankrd22","ENSMUSG00000024774","chr19",34138824,34138998,175,"*","086",34122550,34166053,"-","inside",27229,16274,"NearestLocation","c(""SodiumButyratePos_unqPks__SodiumButyratePos__X060268""; ""SolublePos_unqPks__SolublePos__X053562""; ""CD3CD28Pos_unqPks__CD3CD28Pos__X056782"")"
"79","Ankrd2","ENSMUSG00000025172","chr19",42009023,42009412,390,"*","087",42036039,42045110,"+","upstream",-27016,26627,"NearestLocation","c(""CD3CD28Pos_unqPks__CD3CD28Pos__X057493""; ""SolublePos_unqPks__SolublePos__X054243""; ""SodiumButyratePos_unqPks__SodiumButyratePos__X061038"")"
"80","Mirt1","ENSMUSG00000097636","chr19",53484454,53485103,650,"*","088",53441213,53464796,"-","upstream",-19658,19658,"NearestLocation","c(""SolublePos_unqPks__SolublePos__X055162""; ""CD3CD28Pos_unqPks__CD3CD28Pos__X058429""; ""SodiumButyratePos_unqPks__SodiumButyratePos__X062008""; ""SolublePos_unqPks__SolublePos__X055163"")"
"81","Pnliprp2","ENSMUSG00000025091","chr19",58748585,58749047,463,"*","089",58759724,58777533,"+","upstream",-11139,10677,"NearestLocation","c(""SolublePos_unqPks__SolublePos__X055685""; ""CD3CD28Pos_unqPks__CD3CD28Pos__X058966""; ""SodiumButyratePos_unqPks__SodiumButyratePos__X062583"")"
"82","Gm13332","ENSMUSG00000083281","chr2",19080156,19080374,219,"*","090",19101702,19103098,"-","downstream",22942,21328,"NearestLocation","c(""SodiumButyratePos_unqPks__SodiumButyratePos__X068554""; ""CD3CD28Pos_unqPks__CD3CD28Pos__X064581""; ""SolublePos_unqPks__SolublePos__X061055"")"
"83","Col5a1","ENSMUSG00000026837","chr2",27804503,27804697,195,"*","091",27886426,28039514,"+","upstream",-81923,81729,"NearestLocation","c(""SodiumButyratePos_unqPks__SodiumButyratePos__X069166""; ""CD3CD28Pos_unqPks__CD3CD28Pos__X065166""; ""SolublePos_unqPks__SolublePos__X061611"")"
"84","Gm13412","ENSMUSG00000085017","chr2",32500545,32500717,173,"*","092",32525032,32527990,"+","upstream",-24487,24315,"NearestLocation","c(""SolublePos_unqPks__SolublePos__X062249""; ""SodiumButyratePos_unqPks__SodiumButyratePos__X069839""; ""CD3CD28Pos_unqPks__CD3CD28Pos__X065806"")"
"85","Tbr1","ENSMUSG00000035033","chr2",61815230,61815420,191,"*","093",61802931,61814114,"+","downstream",12299,1116,"NearestLocation","c(""SolublePos_unqPks__SolublePos__X063579""; ""SodiumButyratePos_unqPks__SodiumButyratePos__X071379""; ""CD3CD28Pos_unqPks__CD3CD28Pos__X067240"")"
"86","Rps13-ps8","ENSMUSG00000081538","chr2",72516464,72516669,206,"*","094",72545213,72545612,"+","upstream",-28749,28544,"NearestLocation","c(""SodiumButyratePos_unqPks__SodiumButyratePos__X072000""; ""SolublePos_unqPks__SolublePos__X064118""; ""CD3CD28Pos_unqPks__CD3CD28Pos__X067843"")"
"87","Sestd1","ENSMUSG00000042272","chr2",77285029,77285194,166,"*","095",77180341,77280592,"-","upstream",-4437,4437,"NearestLocation","c(""CD3CD28Pos_unqPks__CD3CD28Pos__X068142""; ""SolublePos_unqPks__SolublePos__X064414""; ""SodiumButyratePos_unqPks__SodiumButyratePos__X072326"")"
"88","Olfr1258","ENSMUSG00000049149","chr2",89911102,89911312,211,"*","096",89927320,89930746,"+","upstream",-16218,16008,"NearestLocation","c(""CD3CD28Pos_unqPks__CD3CD28Pos__X068448""; ""SolublePos_unqPks__SolublePos__X064677""; ""SodiumButyratePos_unqPks__SodiumButyratePos__X072618"")"
"89","Dgkz","ENSMUSG00000040479","chr2",91993182,91993560,379,"*","097",91932825,91975864,"-","upstream",-17318,17318,"NearestLocation","c(""SodiumButyratePos_unqPks__SodiumButyratePos__X072856""; ""CD3CD28Pos_unqPks__CD3CD28Pos__X068655""; ""SolublePos_unqPks__SolublePos__X064884"")"
"90","Gm13816","ENSMUSG00000085976","chr2",92774249,92774497,249,"*","098",92742231,92759208,"+","downstream",32018,15041,"NearestLocation","c(""SolublePos_unqPks__SolublePos__X064956""; ""CD3CD28Pos_unqPks__CD3CD28Pos__X068741""; ""SodiumButyratePos_unqPks__SodiumButyratePos__X072935"")"
"91","Eif3m","ENSMUSG00000027170","chr2",104994387,104994578,192,"*","099",104999657,105017080,"-","downstream",22693,5079,"NearestLocation","c(""CD3CD28Pos_unqPks__CD3CD28Pos__X059917""; ""SolublePos_unqPks__SolublePos__X056615""; ""SodiumButyratePos_unqPks__SodiumButyratePos__X063620"")"
"92","Morrbid","ENSMUSG00000074813","chr2",128444930,128445108,179,"*","100",128195994,128429349,"-","upstream",-15581,15581,"NearestLocation","c(""SolublePos_unqPks__SolublePos__X057836""; ""CD3CD28Pos_unqPks__CD3CD28Pos__X061198""; ""SodiumButyratePos_unqPks__SodiumButyratePos__X064942"")"
"93","Hao1","ENSMUSG00000027261","chr2",134522268,134522499,232,"*","101",134497362,134554368,"-","inside",32100,24906,"NearestLocation","c(""SodiumButyratePos_unqPks__SodiumButyratePos__X065411""; ""SolublePos_unqPks__SolublePos__X058228""; ""CD3CD28Pos_unqPks__CD3CD28Pos__X061622"")"
"94","A930019D19Rik","ENSMUSG00000085958","chr2",146266562,146266830,269,"*","102",146259287,146267160,"+","inside",7275,330,"NearestLocation","c(""SolublePos_unqPks__SolublePos__X058553""; ""CD3CD28Pos_unqPks__CD3CD28Pos__X061979""; ""SodiumButyratePos_unqPks__SodiumButyratePos__X065759"")"
"95","Gm14205","ENSMUSG00000087563","chr2",158616246,158616619,374,"*","103",158610911,158611820,"-","upstream",-4426,4426,"NearestLocation","c(""SodiumButyratePos_unqPks__SodiumButyratePos__X066788""; ""CD3CD28Pos_unqPks__CD3CD28Pos__X062942""; ""SodiumButyratePos_unqPks__SodiumButyratePos__X066789""; ""SolublePos_unqPks__SolublePos__X059456"")"
"96","Pigt","ENSMUSG00000017721","chr2",164492854,164493035,182,"*","104",164497521,164508301,"+","upstream",-4667,4486,"NearestLocation","c(""SodiumButyratePos_unqPks__SodiumButyratePos__X067085""; ""CD3CD28Pos_unqPks__CD3CD28Pos__X063226""; ""SolublePos_unqPks__SolublePos__X059737"")"
"97","Acot8","ENSMUSG00000017307","chr2",164798690,164798893,204,"*","105",164792769,164804882,"-","inside",6192,5921,"NearestLocation","c(""SodiumButyratePos_unqPks__SodiumButyratePos__X067116""; ""CD3CD28Pos_unqPks__CD3CD28Pos__X063256""; ""SolublePos_unqPks__SolublePos__X059761"")"
"98","Zfp704","ENSMUSG00000040209","chr3",9558774,9559011,238,"*","106",9427012,9610085,"-","inside",51311,51074,"NearestLocation","c(""SolublePos_unqPks__SolublePos__X070055""; ""SodiumButyratePos_unqPks__SodiumButyratePos__X078719""; ""CD3CD28Pos_unqPks__CD3CD28Pos__X074216"")"
"99","Tnik","ENSMUSG00000027692","chr3",28158034,28158374,341,"*","107",28263215,28675858,"+","upstream",-105181,104841,"NearestLocation","c(""SodiumButyratePos_unqPks__SodiumButyratePos__X075908""; ""CD3CD28Pos_unqPks__CD3CD28Pos__X071588""; ""SolublePos_unqPks__SolublePos__X067544"")"
"100","Cd53","ENSMUSG00000040747","chr3",106758857,106759417,561,"*","108",106758862,106790149,"-","overlapEnd",31292,5,"NearestLocation","c(""CD3CD28Pos_unqPks__CD3CD28Pos__X069498""; ""SolublePos_unqPks__SolublePos__X065691""; ""SodiumButyratePos_unqPks__SodiumButyratePos__X073748""; ""CD3CD28Pos_unqPks__CD3CD28Pos__X069499"")"
"101","Gm10650","ENSMUSG00000074237","chr3",128126708,128126979,272,"*","109",128038695,128040661,"+","downstream",88013,86047,"NearestLocation","c(""CD3CD28Pos_unqPks__CD3CD28Pos__X070217""; ""SodiumButyratePos_unqPks__SodiumButyratePos__X074500""; ""SolublePos_unqPks__SolublePos__X066357"")"
"102","Mcub","ENSMUSG00000027994","chr3",129947640,129947931,292,"*","110",129914961,129970206,"-","inside",22566,22275,"NearestLocation","c(""SodiumButyratePos_unqPks__SodiumButyratePos__X074570""; ""SolublePos_unqPks__SolublePos__X066417""; ""CD3CD28Pos_unqPks__CD3CD28Pos__X070283"")"
"103","Sh3glb1","ENSMUSG00000037062","chr3",144679261,144679438,178,"*","111",144688845,144720323,"-","downstream",41062,9407,"NearestLocation","c(""CD3CD28Pos_unqPks__CD3CD28Pos__X070926""; ""SodiumButyratePos_unqPks__SodiumButyratePos__X075247""; ""SolublePos_unqPks__SolublePos__X066982"")"
"104","Chd7","ENSMUSG00000041235","chr4",8737804,8737989,186,"*","112",8690407,8867659,"+","inside",47397,47397,"NearestLocation","c(""SolublePos_unqPks__SolublePos__X076644""; ""CD3CD28Pos_unqPks__CD3CD28Pos__X081041""; ""SodiumButyratePos_unqPks__SodiumButyratePos__X086096"")"
"105","Whrn","ENSMUSG00000039137","chr4",63480170,63480354,185,"*","114",63414911,63495991,"-","inside",15821,15637,"NearestLocation","c(""CD3CD28Pos_unqPks__CD3CD28Pos__X080656""; ""SolublePos_unqPks__SolublePos__X076290""; ""SodiumButyratePos_unqPks__SodiumButyratePos__X085688"")"
"106","Pde4b","ENSMUSG00000028525","chr4",102209845,102210066,222,"*","115",102087544,102607259,"+","inside",122301,122301,"NearestLocation","c(""SodiumButyratePos_unqPks__SodiumButyratePos__X079306""; ""SolublePos_unqPks__SolublePos__X070574""; ""CD3CD28Pos_unqPks__CD3CD28Pos__X074769"")"
"107","Azin2","ENSMUSG00000028789","chr4",128949656,128949892,237,"*","117",128930234,128962442,"-","inside",12786,12550,"NearestLocation","c(""SolublePos_unqPks__SolublePos__X072169""; ""CD3CD28Pos_unqPks__CD3CD28Pos__X076422""; ""SodiumButyratePos_unqPks__SodiumButyratePos__X081102"")"
"108","Pef1","ENSMUSG00000028779","chr4",130075164,130075512,349,"*","118",130102559,130128135,"+","upstream",-27395,27047,"NearestLocation","c(""CD3CD28Pos_unqPks__CD3CD28Pos__X076593""; ""SolublePos_unqPks__SolublePos__X072356""; ""SodiumButyratePos_unqPks__SodiumButyratePos__X081313"")"
"109","Gm24762","ENSMUSG00000065623","chr4",132542825,132543010,186,"*","119",132547105,132547207,"-","downstream",4382,4095,"NearestLocation","c(""SodiumButyratePos_unqPks__SodiumButyratePos__X081541""; ""SolublePos_unqPks__SolublePos__X072554""; ""CD3CD28Pos_unqPks__CD3CD28Pos__X076803"")"
"110","Fbxo2","ENSMUSG00000041556","chr4",148167186,148167324,139,"*","120",148160622,148166424,"+","downstream",6564,762,"NearestLocation","c(""SodiumButyratePos_unqPks__SodiumButyratePos__X083010""; ""CD3CD28Pos_unqPks__CD3CD28Pos__X078163""; ""SolublePos_unqPks__SolublePos__X073877"")"
"111","Gm13204","ENSMUSG00000082860","chr4",148573270,148573475,206,"*","121",148569057,148569876,"-","upstream",-3394,3394,"NearestLocation","c(""CD3CD28Pos_unqPks__CD3CD28Pos__X078183""; ""SolublePos_unqPks__SolublePos__X073896""; ""SodiumButyratePos_unqPks__SodiumButyratePos__X083029"")"
"112","Pik3cd","ENSMUSG00000039936","chr4",149650555,149650698,144,"*","122",149649169,149702571,"-","inside",52016,1386,"NearestLocation","c(""SodiumButyratePos_unqPks__SodiumButyratePos__X083162""; ""CD3CD28Pos_unqPks__CD3CD28Pos__X078306""; ""SolublePos_unqPks__SolublePos__X074009"")"
"113","Babam2","ENSMUSG00000052139","chr5",31781941,31782178,238,"*","124",31697685,32084962,"+","inside",84256,84256,"NearestLocation","c(""CD3CD28Pos_unqPks__CD3CD28Pos__X086186""; ""SodiumButyratePos_unqPks__SodiumButyratePos__X091533""; ""SolublePos_unqPks__SolublePos__X081457"")"
"114","H2af-ps1","ENSMUSG00000082692","chr5",36043162,36043304,143,"*","125",35917898,35918201,"+","downstream",125264,124961,"NearestLocation","c(""CD3CD28Pos_unqPks__CD3CD28Pos__X086725""; ""SodiumButyratePos_unqPks__SodiumButyratePos__X092084""; ""SolublePos_unqPks__SolublePos__X081956"")"
"115","Afm","ENSMUSG00000029369","chr5",90504736,90505142,407,"*","126",90518933,90553543,"+","upstream",-14197,13791,"NearestLocation","c(""SolublePos_unqPks__SolublePos__X083443""; ""SodiumButyratePos_unqPks__SodiumButyratePos__X093745""; ""CD3CD28Pos_unqPks__CD3CD28Pos__X088307"")"
"116","Gm15787","ENSMUSG00000086247","chr5",110169462,110169657,196,"*","128",110154401,110176504,"-","inside",7042,6847,"NearestLocation","c(""SolublePos_unqPks__SolublePos__X077729""; ""SodiumButyratePos_unqPks__SodiumButyratePos__X087402""; ""CD3CD28Pos_unqPks__CD3CD28Pos__X082257"")"
"117","Fam222a","ENSMUSG00000041930","chr5",114608599,114608783,185,"*","129",114568017,114613220,"+","inside",40582,4437,"NearestLocation","c(""SodiumButyratePos_unqPks__SodiumButyratePos__X087760""; ""CD3CD28Pos_unqPks__CD3CD28Pos__X082606""; ""SolublePos_unqPks__SolublePos__X078061"")"
"118","Git2","ENSMUSG00000041890","chr5",114776931,114777128,198,"*","130",114727408,114775517,"-","upstream",-1414,1414,"NearestLocation","c(""SodiumButyratePos_unqPks__SodiumButyratePos__X087801""; ""SolublePos_unqPks__SolublePos__X078095""; ""CD3CD28Pos_unqPks__CD3CD28Pos__X082645"")"
"119","Med13l","ENSMUSG00000018076","chr5",118673995,118674192,198,"*","132",118560720,118765435,"+","inside",113275,91243,"NearestLocation","c(""SodiumButyratePos_unqPks__SodiumButyratePos__X088203""; ""CD3CD28Pos_unqPks__CD3CD28Pos__X083029""; ""SolublePos_unqPks__SolublePos__X078454"")"
"120","Oas1f","ENSMUSG00000053765","chr5",120838944,120840381,1438,"*","133",120847368,120857986,"+","upstream",-8424,6987,"NearestLocation","c(""SodiumButyratePos_unqPks__SodiumButyratePos__X088305""; ""SolublePos_unqPks__SolublePos__X078550""; ""CD3CD28Pos_unqPks__CD3CD28Pos__X083141""; ""SolublePos_unqPks__SolublePos__X078551"")"
"121","Pdgfa","ENSMUSG00000025856","chr5",139053262,139054645,1384,"*","134",138976015,138997370,"-","upstream",-55892,55892,"NearestLocation","c(""SolublePos_unqPks__SolublePos__X079854""; ""CD3CD28Pos_unqPks__CD3CD28Pos__X084490""; ""SodiumButyratePos_unqPks__SodiumButyratePos__X089758""; ""CD3CD28Pos_unqPks__CD3CD28Pos__X084491""; ""CD3CD28Pos_unqPks__CD3CD28Pos__X084492""; ""SolublePos_unqPks__SolublePos__X079855"")"
"122","Mir183","ENSMUSG00000065619","chr6",30223933,30224183,251,"*","135",30169669,30169737,"-","upstream",-54196,54196,"NearestLocation","c(""SolublePos_unqPks__SolublePos__X086537""; ""CD3CD28Pos_unqPks__CD3CD28Pos__X091667""; ""SodiumButyratePos_unqPks__SodiumButyratePos__X097291"")"
"123","Nup205","ENSMUSG00000038759","chr6",35187411,35187652,242,"*","136",35177431,35247590,"+","inside",9980,9980,"NearestLocation","c(""SodiumButyratePos_unqPks__SodiumButyratePos__X097651""; ""CD3CD28Pos_unqPks__CD3CD28Pos__X092002""; ""SolublePos_unqPks__SolublePos__X086848"")"
"124","Mxd1","ENSMUSG00000001156","chr6",86662032,86662885,854,"*","137",86647045,86669159,"-","inside",7127,6274,"NearestLocation","c(""SolublePos_unqPks__SolublePos__X088993""; ""SolublePos_unqPks__SolublePos__X088994""; ""SodiumButyratePos_unqPks__SodiumButyratePos__X100060""; ""CD3CD28Pos_unqPks__CD3CD28Pos__X094237"")"
"125","Gm20705","ENSMUSG00000093559","chr6",99415425,99415707,283,"*","138",99384608,99388499,"-","upstream",-26926,26926,"NearestLocation","c(""SolublePos_unqPks__SolublePos__X089699""; ""SodiumButyratePos_unqPks__SodiumButyratePos__X100856""; ""CD3CD28Pos_unqPks__CD3CD28Pos__X094990"")"
"126","Tamm41","ENSMUSG00000030316","chr6",115029369,115030390,1022,"*","139",115004382,115037876,"-","inside",8507,7486,"NearestLocation","c(""SolublePos_unqPks__SolublePos__X084154""; ""SodiumButyratePos_unqPks__SodiumButyratePos__X094583""; ""CD3CD28Pos_unqPks__CD3CD28Pos__X089121"")"
"127","Rerg","ENSMUSG00000030222","chr6",137142768,137143054,287,"*","140",137054826,137170497,"-","inside",27729,27443,"NearestLocation","c(""SolublePos_unqPks__SolublePos__X085529""; ""SodiumButyratePos_unqPks__SodiumButyratePos__X096172""; ""CD3CD28Pos_unqPks__CD3CD28Pos__X090607"")"
"128","Fxyd7","ENSMUSG00000036578","chr7",31050022,31051499,1478,"*","141",31042518,31051462,"-","overlapStart",1440,37,"NearestLocation","c(""CD3CD28Pos_unqPks__CD3CD28Pos__X099373""; ""SolublePos_unqPks__SolublePos__X093887""; ""SolublePos_unqPks__SolublePos__X093888""; ""SolublePos_unqPks__SolublePos__X093889""; ""SodiumButyratePos_unqPks__SodiumButyratePos__X105521"")"
"129","E2f8","ENSMUSG00000046179","chr7",48894260,48894423,164,"*","142",48866430,48881596,"-","upstream",-12664,12664,"NearestLocation","c(""CD3CD28Pos_unqPks__CD3CD28Pos__X100282""; ""SodiumButyratePos_unqPks__SodiumButyratePos__X106489""; ""SolublePos_unqPks__SolublePos__X094763"")"
"130","Htatip2","ENSMUSG00000039745","chr7",49751192,49751464,273,"*","143",49759107,49773999,"+","upstream",-7915,7643,"NearestLocation","c(""CD3CD28Pos_unqPks__CD3CD28Pos__X100364""; ""SolublePos_unqPks__SolublePos__X094847""; ""SodiumButyratePos_unqPks__SodiumButyratePos__X106572"")"
"131","Mctp2","ENSMUSG00000032776","chr7",72066610,72067578,969,"*","144",72077833,72306595,"-","downstream",239985,10255,"NearestLocation","c(""SodiumButyratePos_unqPks__SodiumButyratePos__X107181""; ""SolublePos_unqPks__SolublePos__X095375""; ""CD3CD28Pos_unqPks__CD3CD28Pos__X100927"")"
"132","Agbl1","ENSMUSG00000025754","chr7",76146478,76146709,232,"*","145",76318072,76766608,"+","upstream",-171594,171363,"NearestLocation","c(""SodiumButyratePos_unqPks__SodiumButyratePos__X107481""; ""CD3CD28Pos_unqPks__CD3CD28Pos__X101207""; ""SolublePos_unqPks__SolublePos__X095634"")"
"133","Gm26646","ENSMUSG00000097685","chr7",79884112,79884241,130,"*","146",79916953,79920606,"+","upstream",-32841,32712,"NearestLocation","c(""SodiumButyratePos_unqPks__SodiumButyratePos__X107661""; ""SolublePos_unqPks__SolublePos__X095813""; ""CD3CD28Pos_unqPks__CD3CD28Pos__X101371"")"
"134","C230038L03Rik","ENSMUSG00000085560","chr7",96976029,96976262,234,"*","148",96947579,96951886,"-","upstream",-24143,24143,"NearestLocation","c(""SolublePos_unqPks__SolublePos__X096482""; ""SodiumButyratePos_unqPks__SodiumButyratePos__X108375""; ""CD3CD28Pos_unqPks__CD3CD28Pos__X102055"")"
"135","Tub","ENSMUSG00000031028","chr7",109028338,109028524,187,"*","149",109010826,109034460,"+","inside",17512,5936,"NearestLocation","c(""SodiumButyratePos_unqPks__SodiumButyratePos__X101464""; ""CD3CD28Pos_unqPks__CD3CD28Pos__X095547""; ""SolublePos_unqPks__SolublePos__X090219"")"
"136","Rps16-ps3","ENSMUSG00000096258","chr8",10574198,10574391,194,"*","150",10808731,10809170,"-","downstream",234972,234340,"NearestLocation","c(""CD3CD28Pos_unqPks__CD3CD28Pos__X102620""; ""SodiumButyratePos_unqPks__SodiumButyratePos__X108967""; ""SolublePos_unqPks__SolublePos__X097021"")"
"137","Zfp866","ENSMUSG00000043090","chr8",69795201,69795370,170,"*","151",69761327,69791178,"-","upstream",-4023,4023,"NearestLocation","c(""SolublePos_unqPks__SolublePos__X100404""; ""SodiumButyratePos_unqPks__SodiumButyratePos__X112717""; ""CD3CD28Pos_unqPks__CD3CD28Pos__X106160"")"
"138","Otud4","ENSMUSG00000036990","chr8",79585077,79585250,174,"*","152",79639619,79677724,"+","upstream",-54542,54369,"NearestLocation","c(""CD3CD28Pos_unqPks__CD3CD28Pos__X106777""; ""SolublePos_unqPks__SolublePos__X101005""; ""SodiumButyratePos_unqPks__SodiumButyratePos__X113388"")"
"139","Gm17072","ENSMUSG00000091998","chr8",81814848,81815220,373,"*","153",81827664,81829275,"+","upstream",-12816,12444,"NearestLocation","c(""SodiumButyratePos_unqPks__SodiumButyratePos__X113540""; ""CD3CD28Pos_unqPks__CD3CD28Pos__X106909""; ""SolublePos_unqPks__SolublePos__X101122"")"
"140","Gm21817","ENSMUSG00000095651","chr8",92343463,92343754,292,"*","154",92336669,92339250,"-","upstream",-4213,4213,"NearestLocation","c(""CD3CD28Pos_unqPks__CD3CD28Pos__X107540""; ""SodiumButyratePos_unqPks__SodiumButyratePos__X114199""; ""SolublePos_unqPks__SolublePos__X101718"")"
"141","Gm17709","ENSMUSG00000091952","chr8",121999090,121999462,373,"*","155",121972728,121973822,"-","upstream",-25268,25268,"NearestLocation","c(""SodiumButyratePos_unqPks__SodiumButyratePos__X110223""; ""CD3CD28Pos_unqPks__CD3CD28Pos__X103838""; ""SolublePos_unqPks__SolublePos__X098184"")"
"142","Fam76b","ENSMUSG00000037808","chr9",13963054,13963683,630,"*","156",13827717,13846541,"+","downstream",135337,116513,"NearestLocation","c(""SodiumButyratePos_unqPks__SodiumButyratePos__X116545""; ""CD3CD28Pos_unqPks__CD3CD28Pos__X109688""; ""CD3CD28Pos_unqPks__CD3CD28Pos__X109689""; ""SolublePos_unqPks__SolublePos__X103799""; ""SodiumButyratePos_unqPks__SodiumButyratePos__X116546"")"
"143","Dlat","ENSMUSG00000000168","chr9",50682726,50683012,287,"*","157",50634634,50659780,"-","upstream",-22946,22946,"NearestLocation","c(""SolublePos_unqPks__SolublePos__X105528""; ""SodiumButyratePos_unqPks__SodiumButyratePos__X118478""; ""CD3CD28Pos_unqPks__CD3CD28Pos__X111533"")"
"144","Fdx1","ENSMUSG00000032051","chr9",51985992,51988527,2536,"*","158",51943308,51963533,"-","upstream",-22459,22459,"NearestLocation","c(""SodiumButyratePos_unqPks__SodiumButyratePos__X118570""; ""SolublePos_unqPks__SolublePos__X105617""; ""SolublePos_unqPks__SolublePos__X105618""; ""CD3CD28Pos_unqPks__CD3CD28Pos__X111628""; ""SolublePos_unqPks__SolublePos__X105619""; ""CD3CD28Pos_unqPks__CD3CD28Pos__X111629"")"
"145","Gm16131","ENSMUSG00000085753","chr9",58097673,58097812,140,"*","159",58117816,58118989,"+","upstream",-20143,20004,"NearestLocation","c(""SolublePos_unqPks__SolublePos__X106106""; ""CD3CD28Pos_unqPks__CD3CD28Pos__X112166""; ""SodiumButyratePos_unqPks__SodiumButyratePos__X119126"")"
"146","4930461G14Rik","ENSMUSG00000097651","chr9",58442730,58443095,366,"*","160",58455174,58469623,"+","upstream",-12444,12079,"NearestLocation","c(""CD3CD28Pos_unqPks__CD3CD28Pos__X112219""; ""SolublePos_unqPks__SolublePos__X106156""; ""SodiumButyratePos_unqPks__SodiumButyratePos__X119180"")"
"147","Gramd2","ENSMUSG00000074259","chr9",59669308,59669477,170,"*","161",59680145,59718874,"+","upstream",-10837,10668,"NearestLocation","c(""CD3CD28Pos_unqPks__CD3CD28Pos__X112285""; ""SolublePos_unqPks__SolublePos__X106222""; ""SodiumButyratePos_unqPks__SodiumButyratePos__X119255"")"
"148","Coro2b","ENSMUSG00000041729","chr9",62553403,62553754,352,"*","162",62419493,62537044,"-","upstream",-16359,16359,"NearestLocation","c(""CD3CD28Pos_unqPks__CD3CD28Pos__X112562""; ""SodiumButyratePos_unqPks__SodiumButyratePos__X119534""; ""SolublePos_unqPks__SolublePos__X106468""; ""SodiumButyratePos_unqPks__SodiumButyratePos__X119535"")"
"149","Zbtb38","ENSMUSG00000040433","chr9",96756844,96757099,256,"*","164",96682764,96752831,"-","upstream",-4013,4013,"NearestLocation","c(""CD3CD28Pos_unqPks__CD3CD28Pos__X114383""; ""SodiumButyratePos_unqPks__SodiumButyratePos__X121424""; ""SolublePos_unqPks__SolublePos__X108145"")"
"150","Gm5921","ENSMUSG00000074034","chr9",115504938,115505524,587,"*","165",115437701,115438581,"-","upstream",-66357,66357,"NearestLocation","c(""CD3CD28Pos_unqPks__CD3CD28Pos__X108817""; ""SodiumButyratePos_unqPks__SodiumButyratePos__X115613""; ""SolublePos_unqPks__SolublePos__X102967""; ""CD3CD28Pos_unqPks__CD3CD28Pos__X108818"")"
"151","Arx","ENSMUSG00000035277","chrX",93321431,93321649,219,"*","166",93286508,93298357,"+","downstream",34923,23074,"NearestLocation","c(""SodiumButyratePos_unqPks__SodiumButyratePos__X123996""; ""SolublePos_unqPks__SolublePos__X110356""; ""CD3CD28Pos_unqPks__CD3CD28Pos__X116758"")"
"152",NA,"ENSMUSG00000095977","chr16",52222956,52223238,283,"*","067",52105016,52105147,"-","upstream",-117809,117809,"NearestLocation","c(""SolublePos_unqPks__SolublePos__X041775""; ""CD3CD28Pos_unqPks__CD3CD28Pos__X044351""; ""SodiumButyratePos_unqPks__SodiumButyratePos__X047069"")"
"153",NA,"ENSMUSG00000077812","chr7",92396894,92397173,280,"*","147",92402198,92402280,"-","downstream",5386,5025,"NearestLocation","c(""SolublePos_unqPks__SolublePos__X096419""; ""SodiumButyratePos_unqPks__SodiumButyratePos__X108313""; ""CD3CD28Pos_unqPks__CD3CD28Pos__X101987"")"
"154",NA,"ENSMUSG00000089672","chr10",51416816,51417001,186,"*","003",51480633,51486316,"+","upstream",-63817,63632,"NearestLocation","c(""CD3CD28Pos_unqPks__CD3CD28Pos__X002939""; ""SodiumButyratePos_unqPks__SodiumButyratePos__X003137""; ""SolublePos_unqPks__SolublePos__X002780"")"
"155",NA,"ENSMUSG00000097862","chr19",10403207,10403395,189,"*","084",10389131,10391735,"-","upstream",-11472,11472,"NearestLocation","c(""SolublePos_unqPks__SolublePos__X052355""; ""CD3CD28Pos_unqPks__CD3CD28Pos__X055487""; ""SodiumButyratePos_unqPks__SodiumButyratePos__X058874"")"
"156",NA,"ENSMUSG00000094201","chr9",63135961,63136047,87,"*","163",63133284,63133389,"+","downstream",2677,2572,"NearestLocation","c(""CD3CD28Pos_unqPks__CD3CD28Pos__X112605""; ""SolublePos_unqPks__SolublePos__X106518""; ""SodiumButyratePos_unqPks__SodiumButyratePos__X119581"")"
"157",NA,"ENSMUSG00000093154","chr17",71267315,71267646,332,"*","076",71240263,71240319,"+","downstream",27052,26996,"NearestLocation","c(""CD3CD28Pos_unqPks__CD3CD28Pos__X050178""; ""SolublePos_unqPks__SolublePos__X047370""; ""SodiumButyratePos_unqPks__SodiumButyratePos__X053248"")"
"158",NA,"ENSMUSG00000096561","chr5",104950187,104950479,293,"*","127",104936652,104936757,"+","downstream",13535,13430,"NearestLocation","c(""CD3CD28Pos_unqPks__CD3CD28Pos__X081832""; ""SolublePos_unqPks__SolublePos__X077328""; ""SodiumButyratePos_unqPks__SodiumButyratePos__X086916"")"
"159",NA,"ENSMUSG00000071690","chrX",134747870,134748868,999,"*","167",134745496,134746913,"-","upstream",-957,957,"NearestLocation","c(""CD3CD28Pos_unqPks__CD3CD28Pos__X115072""; ""SolublePos_unqPks__SolublePos__X108761""; ""CD3CD28Pos_unqPks__CD3CD28Pos__X115073""; ""SolublePos_unqPks__SolublePos__X108762""; ""SodiumButyratePos_unqPks__SodiumButyratePos__X122143"")"
"160",NA,"ENSMUSG00000094275","chr14",105242103,105242275,173,"*","053",105250011,105250116,"+","upstream",-7908,7736,"NearestLocation","c(""SodiumButyratePos_unqPks__SodiumButyratePos__X032723""; ""CD3CD28Pos_unqPks__CD3CD28Pos__X030981""; ""SolublePos_unqPks__SolublePos__X029047"")"
"161",NA,"ENSMUSG00000088170","chr5",23495982,23496459,478,"*","123",23487395,23487723,"-","upstream",-8259,8259,"NearestLocation","c(""CD3CD28Pos_unqPks__CD3CD28Pos__X085655""; ""SodiumButyratePos_unqPks__SodiumButyratePos__X090965""; ""SolublePos_unqPks__SolublePos__X080949"")"
"162",NA,"ENSMUSG00000084587","chr5",117213277,117213514,238,"*","131",117196556,117196675,"+","downstream",16721,16602,"NearestLocation","c(""CD3CD28Pos_unqPks__CD3CD28Pos__X082876""; ""SodiumButyratePos_unqPks__SodiumButyratePos__X088045""; ""SolublePos_unqPks__SolublePos__X078296"")"
"163",NA,"ENSMUSG00000096432","chr1",136739626,136739820,195,"*","016",136757511,136757609,"-","downstream",17983,17691,"NearestLocation","c(""CD3CD28Pos_unqPks__CD3CD28Pos__X010927""; ""SolublePos_unqPks__SolublePos__X010358""; ""SodiumButyratePos_unqPks__SodiumButyratePos__X011560"")"
"164",NA,"ENSMUSG00000077827","chr11",104322554,104322768,215,"*","030",104284021,104284097,"+","downstream",38533,38457,"NearestLocation","c(""SodiumButyratePos_unqPks__SodiumButyratePos__X007372""; ""SolublePos_unqPks__SolublePos__X006590""; ""CD3CD28Pos_unqPks__CD3CD28Pos__X006974"")"
"165",NA,"ENSMUSG00000084611","chr4",32511465,32511618,154,"*","113",32514788,32515053,"+","upstream",-3323,3170,"NearestLocation","c(""SolublePos_unqPks__SolublePos__X074904""; ""CD3CD28Pos_unqPks__CD3CD28Pos__X079189""; ""SodiumButyratePos_unqPks__SodiumButyratePos__X084140"")"
"166",NA,"ENSMUSG00000090697","chr4",116048604,116048815,212,"*","116",116033908,116053380,"-","inside",4776,4565,"NearestLocation","c(""SolublePos_unqPks__SolublePos__X071204""; ""CD3CD28Pos_unqPks__CD3CD28Pos__X075424""; ""SodiumButyratePos_unqPks__SodiumButyratePos__X080049"")"
"167",NA,"ENSMUSG00000087951","chr16",16994753,16994943,191,"*","064",17006108,17006201,"-","downstream",11448,11165,"NearestLocation","c(""SodiumButyratePos_unqPks__SodiumButyratePos__X044439""; ""SolublePos_unqPks__SolublePos__X039430""; ""CD3CD28Pos_unqPks__CD3CD28Pos__X041896"")"
